N,scale,elapsed_time_s,num_iters,final_loss,final_grad_norm,relative_error
128,0.05,12941.919321537018,1000000,1.9072097999692054e-07,0.014498852657583187,3.965378836195376e-06
